{
  "feature_names": [
    "pixel_height",
    "H",
    "y_median",
    "W",
    "Electric_pole_px",
    "Brick_px",
    "Motorcycle_px",
    "Sedan_car_px",
    "Pickup_car_px",
    "SUV_car_px",
    "Van_car_px",
    "Pylon_px",
    "pixel_height_norm",
    "y_median_norm",
    "pole_ratio",
    "n_refs"
  ],
  "mean": [
    460.89080810546875,
    1093.84765625,
    631.9569091796875,
    1459.284423828125,
    90.73323822021484,
    10.568869590759277,
    24.454980850219727,
    11.379310607910156,
    8.355363845825195,
    0.0,
    0.25,
    4.659482955932617,
    0.4211955964565277,
    0.5778846740722656,
    0.23999753594398499,
    0.9224137663841248
  ],
  "std": [
    140.73989868164062,
    70.52550506591797,
    142.72030639648438,
    93.88660430908203,
    105.45339965820312,
    41.20148849487305,
    88.82157135009766,
    65.55412292480469,
    55.831111907958984,
    1.0,
    4.663689613342285,
    40.34544372558594,
    0.12632034718990326,
    0.12631860375404358,
    0.40212172269821167,
    0.6550737023353577
  ]
}
